row,period,plot,trt,site,season,Kthom,Ksalt,Ktitan,Klycosid,Kgnaphosd,Klinyph,Kctenid,Ktherid,Kclubion,Kdictynid,Kseges,Kagelen,Kentomo,Ktomo,Khypo,Ksminth,Konychur,Kisotom,Kacarina,Kpseudo,Kopilion,Kdiplura,Ksymph,Kdiplopod,Kscolo,Klitho,Kgeoph,Khemip,Khomop,Kcoleoadu,Kcoleolar,Kblatt,Kpsocop,Kisoptera,Kdiptera,Kgryllid,Kformicid,Kleplar,Kdiptlar,Kprotura,Kpauro,Kthysan,Khymenop,Sthom,Ssalt,Stitan,Slycosid,Sgnaphosd,Saraneid,Slinyph,Sctenid,Stherid,Sclubion,Stetrag,Sdictynid,Sseges,Spisaur,Sagelen,Sentomo,Stomo,Shypo,Ssminth,Sacarina,Spseudo,Sopilion,Sdiplura,Ssymph,Sdiplopod,Sscolo,Slitho,Sgeoph,Shemip,Shomop,Scoleoadu,Scoleolar,Sblatt,Spsocop,Sisoptera,Sdiptera,Sgryllid,Sformicid
1,1,1,l,1,F,1,0,0,0,0,0,0,0,3,6,1,0,45,7,4,23,51,7,727,12,1,0,0,0,0,1,0,2,1,1,6,0,3,0,0,0,0,2,2,1,2,23,0,3,4,0,2,7,1,0,1,1,1,1,0,2,0,0,1,8,0,0,1,0,0,0,0,1,1,3,1,1,0,1,0,0,0,0,0,0,0
2,1,2,h,1,F,0,0,0,0,1,0,0,0,1,0,0,0,45,6,3,4,3,8,188,1,0,0,3,0,0,0,0,2,0,0,1,1,1,0,0,0,1,1,1,0,0,2,0,0,3,2,3,4,0,2,0,0,3,2,2,2,0,0,1,32,0,0,1,0,1,0,0,1,1,0,0,3,3,3,0,4,0,0,0,0,1
3,1,3,h,1,F,0,2,0,0,1,0,0,0,0,3,1,3,28,1,4,7,10,3,733,1,0,1,3,0,1,0,0,0,0,0,3,1,2,0,0,0,1,4,1,2,0,7,0,0,1,2,4,3,0,0,0,1,7,0,2,2,0,0,3,13,0,0,1,0,0,0,0,0,0,0,0,1,0,1,0,0,1,0,0,1,0
4,1,4,l,1,F,0,1,0,0,5,0,0,0,2,4,0,0,31,9,1,16,22,6,600,13,0,1,1,0,1,0,0,0,0,0,1,0,2,0,1,0,1,7,0,0,0,9,0,0,2,0,1,6,0,0,0,0,1,0,4,4,0,0,0,8,0,0,1,0,0,0,0,1,0,1,0,1,0,0,0,1,0,0,0,0,2
5,1,5,h,2,F,1,2,0,1,2,0,0,0,1,0,2,0,49,7,0,6,16,4,889,6,1,3,1,0,0,1,0,0,0,0,4,1,3,0,0,0,1,3,5,0,0,1,0,1,1,0,2,3,0,5,0,0,5,0,0,0,0,0,9,27,0,0,2,0,0,0,0,1,0,4,0,0,1,0,0,5,0,0,0,3,6
6,1,6,l,2,F,1,0,0,0,0,0,0,0,2,3,0,1,47,12,7,10,131,11,616,15,0,0,4,0,0,1,0,0,0,0,2,1,4,0,0,0,5,5,6,1,2,1,0,1,1,0,0,4,0,1,0,0,1,0,1,0,0,0,0,20,0,0,0,1,0,0,0,0,1,0,0,1,1,2,0,4,0,0,0,1,7
7,1,7,l,2,F,1,1,0,0,5,0,0,0,0,0,0,0,82,22,0,24,292,10,787,10,0,0,3,0,0,3,0,2,0,1,2,2,3,0,0,0,3,2,0,5,1,20,0,3,1,0,4,3,0,6,0,0,3,0,0,0,0,0,4,22,0,0,0,0,0,0,0,0,0,0,0,0,1,0,0,6,0,0,0,0,18
8,1,8,h,2,F,0,1,0,0,7,1,0,2,6,1,3,1,126,17,1,36,133,3,1014,15,1,3,3,0,0,8,1,1,0,0,4,1,2,0,2,0,4,3,0,2,0,7,0,2,3,0,3,2,0,3,0,2,5,0,0,1,0,0,1,9,0,0,1,0,0,0,0,0,0,0,0,0,0,0,0,1,0,0,0,0,7
9,1,9,o,1,F,0,0,0,0,3,0,0,0,2,1,0,0,47,2,1,12,30,2,930,7,0,1,1,0,1,2,0,1,0,0,5,3,4,0,0,0,2,1,0,11,0,7,0,1,2,3,2,2,0,0,0,5,4,0,2,1,0,0,8,4,0,0,1,0,1,0,0,1,1,0,0,0,0,0,0,4,0,0,0,0,6
10,1,10,o,1,F,2,1,0,0,0,0,0,0,0,1,1,1,12,0,3,2,1,4,414,3,0,2,4,0,0,1,0,0,0,0,5,0,3,0,0,0,2,2,1,0,0,4,0,2,0,0,4,7,0,1,0,0,3,1,4,2,0,0,10,17,0,0,1,0,0,0,0,1,1,1,0,1,0,0,0,6,0,0,0,0,0
11,1,11,o,2,F,2,0,0,0,1,2,0,1,0,4,1,1,44,11,4,8,42,3,299,7,0,6,2,0,0,4,1,0,0,1,2,2,2,4,0,0,1,0,4,8,0,12,0,5,2,0,0,4,0,4,0,0,1,1,4,1,0,0,0,32,0,0,1,1,0,0,0,2,0,5,0,1,1,0,0,5,1,0,0,1,4
12,1,12,o,2,F,0,0,1,1,1,0,0,1,1,2,1,0,30,8,2,6,95,4,302,4,0,1,1,0,1,3,2,0,0,3,3,0,0,0,0,0,1,1,2,4,20,4,0,3,2,0,2,11,0,2,0,0,5,0,0,0,1,0,1,14,0,0,1,0,2,0,0,0,0,3,0,3,0,0,0,6,0,7,0,0,9
13,2,1,l,1,S,0,0,0,0,1,0,0,0,1,1,0,0,6,1,3,2,0,2,128,4,0,1,0,1,0,0,0,0,0,1,1,2,7,0,3,1,2,0,0,0,0,6,2,1,0,0,0,2,1,0,0,1,0,0,1,2,0,1,3,1,0,0,0,0,0,0,0,1,0,0,0,0,0,0,0,4,0,0,0,0,37
14,2,2,h,1,S,0,0,0,0,1,0,0,0,0,3,0,0,30,16,2,0,1,2,787,11,0,0,0,0,0,2,0,0,0,4,5,9,2,0,4,4,2,0,1,0,0,23,1,1,0,0,0,6,0,0,0,0,0,0,1,0,0,0,6,34,0,0,5,0,0,0,0,0,0,0,0,0,0,1,0,3,0,0,0,0,26
15,2,3,h,1,S,0,0,0,0,1,0,0,1,0,4,0,0,50,29,3,0,20,3,782,12,0,1,1,0,0,1,0,0,0,1,0,5,7,0,10,1,5,0,1,3,0,7,0,0,0,0,1,3,0,0,0,0,0,0,2,0,0,0,10,24,0,0,2,0,0,0,0,0,1,2,0,0,0,0,0,3,0,0,0,0,49
16,2,4,l,1,S,1,0,0,0,0,0,0,0,0,0,0,0,14,1,2,0,3,14,207,0,0,0,1,0,0,0,0,0,0,0,0,0,0,0,4,0,2,1,0,0,0,6,0,0,0,0,1,2,0,0,0,0,0,0,0,2,0,0,1,1,0,0,2,0,0,0,0,0,0,0,0,0,0,0,0,1,0,0,0,1,18
17,2,5,h,2,S,0,0,0,0,0,0,0,0,0,0,0,0,21,19,23,0,115,67,132,11,0,0,1,0,0,0,0,0,0,1,1,0,0,0,1,0,0,1,2,0,0,0,0,0,1,0,1,2,0,3,1,1,0,0,0,1,0,0,17,40,0,0,13,0,0,0,0,0,0,0,0,0,0,1,0,1,1,0,0,0,15
18,2,6,l,2,S,0,0,0,0,9,0,0,0,7,0,0,0,103,45,26,0,108,763,631,7,0,0,9,0,1,6,0,0,0,1,4,1,0,0,13,2,12,2,0,1,0,1,0,0,0,0,1,2,0,1,0,0,1,0,0,0,0,0,30,55,0,0,16,0,1,0,0,0,0,1,0,0,1,0,0,2,0,0,0,1,5
19,2,7,l,2,S,0,0,0,0,3,0,0,0,1,0,0,0,51,28,3,1,81,672,393,7,0,3,4,0,2,3,0,0,0,0,1,1,0,0,1,0,0,1,0,2,0,17,0,2,0,0,1,0,0,0,0,0,0,0,0,0,0,0,13,65,0,0,11,0,1,0,0,0,1,1,0,0,0,1,0,3,0,0,0,1,13
20,2,8,h,2,S,0,0,0,0,1,0,0,0,0,1,0,0,37,8,4,1,105,719,469,1,0,1,2,0,1,3,0,0,0,0,6,0,2,0,0,0,4,1,0,4,0,0,0,2,0,0,3,1,0,1,0,0,0,0,0,0,0,0,12,52,0,0,8,0,0,1,0,0,0,4,0,0,0,0,0,0,0,0,0,0,3
21,2,9,o,1,S,0,0,0,0,0,0,0,0,0,0,0,0,40,15,10,0,35,31,900,4,0,0,3,0,1,0,0,0,0,0,0,0,1,0,1,0,4,0,0,0,0,4,0,0,0,2,0,8,0,2,0,0,2,0,1,3,0,0,7,16,0,0,4,0,0,0,0,3,2,0,0,0,0,0,0,1,0,0,0,0,9
22,2,10,o,1,S,0,0,0,1,2,0,0,0,0,0,0,0,56,34,3,1,6,12,629,1,0,0,13,1,0,1,0,0,0,0,4,0,2,0,2,0,17,0,0,1,0,0,0,1,1,0,0,2,0,5,0,1,1,0,1,4,0,0,5,37,0,0,8,0,0,0,0,1,0,4,0,0,0,0,2,0,0,28,0,0,72
23,2,11,o,2,S,0,0,0,0,4,1,0,0,1,5,0,0,165,43,7,6,64,35,1587,15,0,4,4,1,0,9,1,0,0,1,3,2,1,0,9,1,6,0,1,1,0,3,1,0,1,0,0,1,0,0,0,0,4,0,0,3,0,0,14,55,0,0,3,0,0,3,0,1,0,7,0,0,0,2,0,2,0,0,0,0,13
24,2,12,o,2,S,37,0,0,0,0,0,0,0,1,0,1,0,82,32,23,1,387,9,383,7,0,5,8,1,0,0,0,0,0,0,16,0,1,0,4,0,8,0,0,7,0,0,0,0,0,0,1,1,0,0,1,2,1,0,0,4,0,0,10,37,0,0,2,0,0,0,0,0,0,11,2,0,0,1,0,2,0,0,0,0,73
25,3,1,l,1,F,2,0,0,0,0,0,0,0,2,1,0,0,107,1,8,40,48,8,1908,14,0,0,4,0,0,3,1,4,0,1,6,0,0,0,1,0,2,0,0,5,0,9,0,1,1,0,3,0,1,1,0,1,3,0,0,1,0,0,3,1,0,0,0,0,0,0,0,2,1,0,0,0,0,0,1,1,0,0,0,0,1
26,3,2,h,1,F,1,0,0,0,1,0,0,0,3,0,0,0,42,2,15,9,170,108,3522,1,0,0,3,0,0,3,0,0,0,0,6,0,1,0,1,0,3,3,2,50,0,6,1,8,0,0,2,5,0,0,0,0,4,0,0,2,0,0,5,4,0,0,0,0,0,0,0,1,0,0,0,0,0,2,0,0,0,0,0,0,13
27,3,3,h,1,F,0,0,0,1,5,0,0,0,3,7,0,1,108,12,21,14,62,2,3006,3,0,0,3,0,0,2,0,0,0,3,2,0,0,0,2,0,1,0,5,1,0,10,0,4,1,0,1,3,0,2,0,3,7,0,1,1,0,0,1,9,0,0,2,0,0,0,0,0,0,0,1,0,0,2,1,0,0,0,2,0,2
28,3,4,l,1,F,1,0,0,1,3,0,0,0,0,2,0,0,42,0,2,18,12,6,1942,1,0,0,0,0,0,1,0,0,0,1,8,0,3,0,0,0,2,0,2,4,0,18,0,0,0,0,0,2,1,2,0,0,3,0,1,3,0,0,0,0,0,0,1,0,0,0,0,0,0,0,0,0,0,0,0,0,0,0,0,0,0
29,3,5,h,2,F,1,0,0,0,5,0,0,0,1,1,0,0,139,2,58,23,260,14,3554,7,0,0,2,0,0,8,0,0,0,1,2,0,0,20,3,0,6,1,2,13,0,9,0,0,0,0,2,5,0,1,0,5,2,0,0,2,0,0,4,0,0,0,1,0,0,1,0,0,2,0,0,0,1,0,1,0,0,0,1,0,0
30,3,6,l,2,F,0,0,0,0,3,0,0,0,1,0,0,0,46,1,5,12,28,15,1882,3,0,0,6,0,0,1,0,0,0,2,2,0,2,0,1,0,0,0,0,2,0,0,0,1,0,0,1,0,0,0,0,0,1,0,0,0,0,0,16,4,0,0,2,0,0,0,0,0,0,2,0,0,1,1,1,1,0,0,0,0,0
31,3,7,l,2,F,0,0,0,1,1,0,0,0,3,0,0,0,5,0,0,35,99,58,2770,2,1,0,2,0,0,1,0,0,0,0,8,0,2,0,0,0,1,0,2,21,0,16,0,0,1,0,1,1,0,4,0,0,0,0,0,1,0,0,0,3,0,0,0,0,0,1,0,0,0,0,0,0,0,0,0,2,0,0,1,0,1
32,3,8,h,2,F,0,1,0,0,3,1,0,0,1,1,0,0,5,2,12,26,146,56,2630,2,0,0,2,0,0,0,0,0,0,1,1,0,2,0,0,0,0,0,1,15,0,21,0,4,1,0,4,2,0,6,0,0,3,0,0,1,1,0,2,14,0,0,1,0,0,0,0,0,1,1,0,0,1,2,0,1,1,0,0,0,5
33,3,9,o,1,F,0,1,0,0,3,0,0,0,2,3,0,0,6,1,63,38,257,96,4858,4,0,0,4,1,3,2,2,0,0,1,5,0,2,0,3,0,17,0,1,29,0,11,0,0,0,2,0,3,0,1,0,0,0,0,2,0,0,0,4,4,0,0,0,0,0,0,0,0,2,1,0,0,0,1,1,0,0,0,0,0,0
34,3,10,o,1,F,0,0,0,0,1,0,0,0,0,0,0,0,9,5,18,32,234,78,3684,1,0,4,5,0,0,2,0,0,0,0,3,0,0,3,2,0,1,0,3,9,0,0,1,1,1,0,2,6,0,0,0,0,0,0,0,0,0,0,1,0,0,0,1,0,1,0,0,0,0,1,0,0,0,0,0,0,0,0,0,0,1
35,3,11,o,2,F,0,0,0,1,3,0,0,0,1,0,0,0,22,5,14,61,193,105,3270,5,0,4,13,0,0,1,0,0,0,3,7,0,0,0,1,0,7,0,2,22,0,5,0,1,1,0,0,1,1,3,0,1,1,0,0,1,0,0,0,0,0,0,0,0,0,1,0,0,1,1,0,0,0,0,0,2,0,0,1,0,2
36,3,12,o,2,F,1,0,0,0,3,0,0,0,1,1,0,0,13,8,10,18,155,28,1629,1,0,1,0,0,0,2,0,0,0,0,3,0,0,0,0,0,2,0,0,4,0,1,0,2,1,0,3,5,0,0,0,0,9,0,0,0,0,0,6,3,0,0,0,0,0,0,0,0,2,0,0,0,0,0,0,2,0,0,1,0,1
37,4,1,l,1,S,1,0,0,0,0,0,0,0,0,0,1,0,17,0,1,2,3,0,546,0,1,0,0,1,0,1,0,0,0,0,3,0,21,0,2,0,0,3,3,0,0,12,0,3,1,0,0,2,0,4,0,1,0,0,3,1,0,0,0,4,0,0,0,0,0,0,0,0,1,0,0,0,0,3,0,0,8,0,0,0,5
38,4,2,h,1,S,0,1,0,0,1,1,0,0,0,4,1,0,67,14,16,2,14,9,1682,3,0,0,16,0,0,2,0,0,0,0,1,0,7,0,2,0,2,0,1,0,0,15,0,6,0,0,3,0,0,3,0,0,9,0,3,1,0,1,0,33,0,0,4,0,1,0,0,3,1,0,0,0,0,3,0,2,1,57,0,0,61
39,4,3,h,1,S,1,1,0,0,0,0,0,0,0,7,0,0,24,10,9,1,4,4,1462,3,0,0,2,0,0,0,0,0,0,0,5,0,7,0,2,0,1,2,1,3,0,21,0,1,0,0,0,1,0,3,0,0,1,0,3,1,0,0,6,30,0,0,0,0,0,0,0,0,1,2,0,0,0,2,0,0,1,0,0,0,2
40,4,4,l,1,S,0,0,0,0,3,0,0,1,0,2,0,0,12,0,6,0,2,1,466,0,0,0,0,0,0,1,0,0,0,1,6,0,23,0,0,0,4,3,1,0,0,10,1,2,0,0,3,0,0,3,0,0,0,0,1,4,0,0,1,1,0,0,0,0,0,0,0,1,0,0,0,0,0,0,0,0,0,0,0,0,6
41,4,5,h,2,S,0,0,0,2,4,0,0,0,0,4,0,0,84,10,24,1,59,25,2148,7,0,1,16,0,0,1,0,1,0,2,9,0,36,0,4,0,5,3,10,15,7,15,0,1,1,0,4,1,0,3,0,0,3,0,2,2,0,0,0,21,0,0,0,0,1,0,0,1,0,2,0,0,0,3,2,0,2,0,1,1,5
42,4,6,l,2,S,1,0,0,0,0,2,0,0,0,0,0,0,38,3,6,0,49,7,743,10,0,0,9,0,0,1,0,0,0,0,0,0,9,0,3,1,0,0,7,0,0,8,4,4,0,0,2,0,0,4,0,0,0,0,0,1,0,0,3,18,0,0,1,0,0,0,0,0,0,2,0,1,0,1,0,1,11,0,0,1,2
43,4,7,l,2,S,0,0,0,0,0,0,0,0,0,0,0,0,77,8,21,1,68,35,1353,2,0,0,12,0,0,0,0,0,0,0,3,0,21,0,2,1,1,2,3,3,3,67,0,0,0,0,1,0,0,6,0,0,2,0,3,0,0,0,1,18,0,0,2,0,1,0,0,0,1,4,0,0,0,2,0,0,4,9,0,0,2
44,4,8,h,2,S,0,0,0,0,0,1,0,1,0,3,0,0,49,11,8,3,22,22,1771,9,0,0,13,0,0,4,0,0,0,1,4,0,19,0,0,0,129,4,0,2,7,36,0,1,0,1,3,1,0,1,0,0,2,0,0,2,0,0,2,28,0,0,0,1,0,0,0,1,0,3,0,0,0,3,0,1,5,0,0,0,5
45,4,9,o,1,S,0,0,0,0,1,0,0,0,1,7,0,0,55,10,28,3,211,17,1960,0,0,2,3,2,1,0,0,0,0,3,2,0,2,31,2,1,5,0,2,8,2,11,1,3,0,0,0,2,0,0,0,0,1,0,1,0,0,0,5,12,0,0,3,0,1,1,0,3,3,0,0,0,0,0,1,1,0,0,0,2,10
46,4,10,o,1,S,1,0,0,1,0,0,0,0,0,2,0,0,97,9,59,13,620,98,2967,10,0,0,6,0,1,3,0,0,0,5,3,0,0,0,1,0,2,2,8,6,0,21,1,2,0,0,1,2,0,1,0,2,4,0,2,0,0,0,1,4,0,0,1,0,1,0,0,0,0,1,1,0,0,2,0,0,0,0,0,0,5
47,4,11,o,2,S,1,0,0,0,1,0,0,0,1,6,0,0,114,8,56,7,380,66,1868,3,0,0,4,0,0,2,0,0,0,2,0,0,0,32,2,0,17,1,3,23,1,1,1,0,0,0,1,0,1,4,0,0,1,0,1,2,0,0,0,12,0,0,3,0,0,0,0,0,2,4,0,0,0,4,0,1,0,0,0,0,7
48,4,12,o,2,S,1,0,0,0,4,0,0,0,0,3,0,0,53,7,27,21,86,39,1801,8,0,1,1,0,0,2,0,0,0,3,4,0,0,0,3,0,16,0,3,4,9,7,0,0,1,0,0,1,0,2,0,0,0,0,0,2,0,0,0,11,0,0,1,0,0,0,0,0,0,2,0,0,0,1,0,1,0,212,0,0,41
49,5,1,l,1,F,0,1,0,0,1,0,0,0,1,5,0,0,27,0,11,4,35,7,2286,3,0,0,2,0,0,0,0,0,0,0,2,2,11,0,0,0,1,4,1,9,0,23,0,0,0,0,2,3,2,1,0,0,0,0,0,3,0,1,4,1,0,0,1,0,0,0,0,0,0,0,0,0,0,0,1,1,2,0,0,0,2
50,5,2,h,1,F,1,0,0,1,1,3,0,0,2,2,0,0,66,32,18,36,1,38,2353,2,0,0,5,0,0,0,0,0,0,2,9,0,33,0,0,0,0,1,4,0,0,11,2,0,0,0,1,1,0,0,0,0,8,0,3,7,0,0,12,49,1,1,0,0,0,0,0,0,0,3,0,0,0,1,1,9,4,0,2,0,1
51,5,3,h,1,F,0,0,1,0,4,1,0,0,6,8,1,0,48,11,4,13,8,11,2786,2,0,0,3,0,0,1,0,0,0,4,0,0,12,0,0,0,5,0,5,3,0,9,0,2,0,3,4,5,1,2,0,1,13,0,9,7,0,0,9,60,0,0,2,0,0,0,1,1,2,3,0,0,0,3,0,1,2,0,0,0,1
52,5,4,l,1,F,0,0,0,0,0,0,0,0,2,1,1,0,7,0,7,0,6,2,757,1,0,0,0,0,0,0,0,0,0,0,4,0,3,0,0,0,0,2,0,1,0,4,0,2,0,0,3,2,0,2,0,0,1,0,1,3,0,0,1,1,0,0,1,0,1,0,0,0,1,1,0,0,0,0,0,3,1,1,0,0,2
53,5,5,h,2,F,2,2,0,0,2,3,0,0,5,3,0,0,72,16,11,20,22,17,4043,3,0,0,0,0,0,1,0,1,0,0,3,3,6,0,0,0,2,5,8,2,6,0,0,1,0,0,6,1,0,2,0,0,7,0,1,2,0,0,4,29,0,1,4,0,0,0,0,2,1,1,0,0,1,3,2,5,3,0,5,0,2
54,5,6,l,2,F,0,1,0,1,1,1,0,0,2,0,0,0,41,8,9,6,11,12,2280,6,0,0,3,0,0,1,0,0,0,4,3,2,4,0,0,0,1,6,5,1,0,2,0,2,1,0,4,2,0,5,0,0,10,0,0,1,0,1,3,13,0,1,2,0,0,0,1,0,0,7,0,0,0,0,4,5,12,0,1,0,1
55,5,7,l,2,F,0,1,0,0,1,7,0,0,1,1,0,0,42,3,15,6,14,5,3009,2,0,0,0,0,0,4,0,1,0,13,4,0,0,0,0,0,1,3,4,3,3,30,0,0,0,0,3,2,0,2,0,0,6,0,2,2,0,0,0,26,0,0,3,0,0,0,1,0,0,1,0,0,0,1,0,1,4,0,1,0,0
56,5,8,h,2,F,0,0,1,1,2,3,0,0,4,0,0,0,120,27,3,33,22,29,3237,8,0,0,5,0,0,5,0,0,0,2,2,0,19,0,0,0,1,5,8,4,1,14,1,0,0,0,3,4,0,5,0,0,24,0,2,3,0,0,5,63,0,0,5,0,0,0,1,0,0,7,0,0,0,1,1,2,12,0,1,0,4
57,5,9,o,1,F,0,0,0,0,1,0,0,0,2,2,0,0,51,8,5,16,21,3,4339,2,0,0,2,0,0,1,0,0,0,0,3,1,3,0,0,0,1,1,1,2,2,38,0,0,0,0,4,0,0,0,0,0,2,0,3,3,0,0,6,12,0,0,5,0,0,0,0,0,0,3,0,1,0,1,0,2,0,0,0,1,4
58,5,10,o,1,F,1,0,0,0,2,1,0,0,1,2,0,0,52,5,6,18,16,2,4384,4,0,0,5,0,0,2,0,0,0,0,7,1,0,0,0,0,0,2,3,2,0,13,0,0,0,0,5,1,0,0,0,0,2,0,3,2,0,0,2,11,0,0,1,1,0,0,0,2,0,1,0,0,0,0,1,1,1,0,0,0,1
59,5,11,o,2,F,2,1,0,0,4,0,0,0,3,0,0,0,47,9,14,16,17,18,3247,2,0,0,0,0,0,2,0,0,0,3,3,4,1,0,0,0,0,0,7,3,0,4,0,4,0,0,1,3,0,1,0,0,0,0,2,1,0,0,8,24,0,0,3,1,0,0,0,0,0,2,0,0,0,1,1,2,1,0,0,0,2
60,5,12,o,2,F,1,1,0,1,0,3,0,0,0,0,0,0,15,18,7,34,9,7,3958,2,0,0,4,0,0,0,0,1,0,1,1,0,1,0,0,0,0,0,11,3,0,9,0,0,1,0,2,3,0,3,0,1,1,0,4,2,0,0,2,23,0,0,2,0,0,0,1,1,0,1,0,0,0,0,0,5,0,0,0,1,2
61,6,1,l,1,S,0,0,0,0,0,0,0,0,3,2,0,0,70,1,175,0,13,0,939,0,0,0,1,1,0,0,0,0,42,0,10,0,30,0,4,0,1,0,7,4,0,52,0,0,2,0,0,0,0,0,2,0,0,0,1,3,0,0,1,3,0,0,1,1,0,0,0,0,0,0,0,0,1,0,0,1,5,0,0,0,22
62,6,2,h,1,S,0,0,0,0,3,1,1,0,2,16,2,0,182,125,4217,2,2,11,1709,2,0,0,18,0,0,2,0,4,0,2,3,0,43,0,4,0,87,12,4,8,1,27,1,0,0,2,2,0,0,1,4,0,3,0,10,3,0,0,17,60,0,0,5,0,0,0,0,1,1,3,0,0,0,1,0,1,6,0,0,0,14
63,6,3,h,1,S,0,0,1,1,4,0,0,0,0,8,0,0,190,51,150,4,19,1,1145,4,0,0,12,7,1,2,0,0,115,4,16,3,27,0,6,0,18,0,1,11,0,41,0,1,0,4,0,1,0,0,5,0,2,2,3,5,0,0,10,23,0,0,1,0,0,0,0,2,0,8,1,0,0,2,0,0,9,0,0,0,45
64,6,4,l,1,S,0,0,0,0,1,0,0,0,2,0,1,0,114,1,0,1,7,0,884,0,0,0,0,0,0,1,0,2,0,0,2,0,89,0,2,0,27,1,0,2,0,48,0,0,1,1,1,2,0,0,1,0,0,0,7,6,0,0,6,1,0,0,1,0,0,0,0,0,0,0,0,0,0,1,0,0,23,0,0,0,4
65,6,5,h,2,S,0,0,0,0,0,1,1,0,3,7,0,0,317,94,17,4,83,36,1511,20,0,0,10,1,0,7,0,3,0,0,5,1,27,0,9,0,5,5,11,9,5,6,3,1,1,4,0,1,0,1,0,2,3,0,5,3,0,1,6,19,0,0,0,0,1,0,0,1,0,0,0,0,0,1,2,0,2,0,0,0,104
66,6,6,l,2,S,0,0,0,2,0,0,0,0,1,2,0,0,129,25,755,1,32,0,1224,12,0,0,3,0,0,1,0,7,0,2,8,0,24,0,5,0,3,1,9,0,2,2,7,1,0,2,0,1,0,0,1,0,0,0,3,0,0,0,7,5,0,0,3,0,0,1,0,0,0,1,0,0,0,1,0,2,11,0,2,1,89
67,6,7,l,2,S,0,0,0,0,0,0,0,0,0,12,0,0,187,34,900,1,39,0,1509,13,0,1,20,0,0,5,0,2,0,0,25,1,7,0,13,0,4,0,6,8,11,38,1,0,0,1,1,0,1,1,0,2,4,0,6,1,0,0,38,30,0,0,4,0,0,0,0,1,0,1,1,0,0,3,1,1,11,11,0,0,23
68,6,8,h,2,S,0,0,0,0,0,0,0,0,2,8,1,0,204,86,3420,2,22,5,1640,29,0,0,13,0,0,8,1,6,0,0,2,2,12,0,6,0,1,11,5,7,13,41,1,0,0,3,2,0,1,0,1,1,5,1,2,1,1,0,27,43,0,0,1,0,0,2,0,2,0,6,1,0,0,2,1,5,5,1,0,1,5
69,6,9,o,1,S,0,0,0,1,1,0,0,0,1,0,0,0,327,111,50,11,181,46,3037,5,0,2,3,1,0,2,1,7,0,1,21,0,2,0,8,1,3,2,5,14,1,55,1,0,1,2,4,3,0,0,0,0,2,0,0,1,0,0,19,34,0,0,5,0,0,1,0,1,1,1,0,1,0,1,0,0,0,0,0,1,8
70,6,10,o,1,S,0,0,0,0,1,0,0,0,0,3,1,0,127,55,39,25,236,84,2222,9,0,0,20,0,0,1,0,6,0,1,3,1,1,0,4,0,0,1,21,28,1,9,0,2,1,0,1,0,0,0,0,0,0,0,0,1,0,0,10,12,0,1,6,0,0,0,0,1,0,3,0,0,0,1,1,1,0,1,1,2,5
71,6,11,o,2,S,0,3,0,1,1,1,1,0,0,12,0,0,123,101,70,19,172,65,2234,15,0,0,4,4,0,9,0,7,0,0,10,0,0,3,12,0,12,4,5,10,11,3,7,2,0,0,3,2,0,2,0,0,4,0,6,4,0,0,15,24,0,0,11,1,0,5,0,1,0,19,0,0,0,2,2,2,0,0,1,0,9
72,6,12,o,2,S,1,1,0,0,1,2,1,0,1,21,0,0,104,135,63,43,80,139,3353,24,0,0,14,3,0,6,0,6,0,1,6,1,0,1,10,0,2,4,4,18,9,4,1,4,0,0,3,2,0,5,0,1,4,3,8,2,0,0,23,32,11,0,6,0,0,0,0,5,0,23,2,0,0,4,6,3,0,1,4,2,28
73,7,1,l,1,S,0,1,0,0,0,2,0,0,0,3,1,0,80,9,1,0,8,9,1784,1,0,0,1,0,2,0,0,1,0,4,28,0,3,0,2,0,1,16,0,20,3,19,2,0,1,2,0,0,1,0,0,0,3,0,1,1,0,0,1,3,0,0,0,0,0,0,0,0,0,0,0,1,1,1,1,1,0,0,0,1,20
74,7,2,h,1,S,0,0,0,0,2,0,0,0,10,3,0,0,55,60,7,0,16,64,1865,2,0,1,13,3,0,0,0,4,0,2,2,0,5,0,3,0,2,10,3,0,1,8,1,0,1,2,1,1,0,0,0,0,26,0,12,3,0,0,8,80,0,0,2,0,0,0,1,3,2,0,0,0,0,1,0,2,2,0,0,1,15
75,7,3,h,1,S,0,1,0,2,1,1,0,0,4,3,1,0,146,161,15,2,5,21,2061,0,0,0,32,4,3,3,0,4,0,3,3,0,10,0,1,0,2,11,1,12,2,23,2,0,1,0,1,5,0,2,0,0,10,0,8,5,0,1,6,93,0,1,0,0,0,0,0,5,0,7,0,1,1,5,0,0,3,0,0,0,3
76,7,4,l,1,S,0,0,0,1,1,0,0,0,1,0,0,0,33,2,1,0,3,5,1842,0,0,1,3,0,0,0,0,1,0,3,3,1,15,0,5,0,37,22,2,13,4,83,5,1,1,3,0,1,0,1,1,0,1,0,24,4,0,0,4,5,0,0,0,0,0,0,0,3,0,3,0,0,1,1,1,0,1,75,0,0,3
77,7,5,h,2,S,0,0,0,6,1,6,0,0,5,5,1,0,146,60,16,0,93,136,2886,9,0,0,17,3,0,4,0,1,0,0,2,0,3,4,13,1,4,13,5,7,46,4,4,1,4,1,0,6,2,9,1,0,20,0,12,9,0,1,7,38,0,0,4,0,1,0,1,1,1,9,0,0,0,0,0,0,4,13,4,1,4
78,7,6,l,2,S,0,1,0,0,0,1,0,0,6,2,0,0,144,59,4,0,48,26,3247,6,0,0,4,1,0,3,0,0,0,1,20,0,17,0,4,0,1,10,1,3,0,16,3,0,1,1,0,4,4,6,0,0,11,0,4,5,0,0,3,28,0,0,0,0,0,0,0,0,0,8,0,0,0,2,0,4,2,0,0,0,8
79,7,7,l,2,S,0,1,0,3,1,2,0,0,7,1,1,0,108,47,4,2,24,26,3416,11,0,0,8,0,0,5,0,0,3,0,9,1,9,0,1,0,3,13,1,7,10,69,12,0,1,2,0,1,1,2,0,0,7,0,3,4,0,0,1,15,0,0,1,0,0,0,0,1,0,3,0,0,1,0,1,0,3,123,4,0,5
80,7,8,h,2,S,2,0,0,1,3,3,1,0,5,5,0,0,66,52,6,0,23,37,2337,10,0,0,17,0,0,8,1,1,0,1,2,0,10,131,3,0,3,12,9,11,7,71,4,0,1,0,2,1,0,3,1,0,12,0,10,5,1,0,4,31,0,0,0,1,0,0,1,1,0,6,0,0,3,4,0,3,3,0,12,0,5
81,7,9,o,1,S,0,0,0,1,7,1,0,0,0,0,0,0,101,31,31,2,129,64,2363,1,0,0,4,1,1,2,0,1,0,4,8,0,3,32,0,0,11,22,5,25,1,24,1,1,2,1,1,1,0,1,0,0,4,0,5,2,1,0,11,42,1,0,0,0,0,0,0,1,1,3,0,0,0,0,0,2,1,0,0,1,0
82,7,10,o,1,S,1,0,0,0,1,0,0,0,0,1,0,0,35,17,41,7,168,32,1521,2,0,0,13,1,1,0,0,1,0,4,5,0,0,0,3,0,3,9,13,15,2,12,0,0,1,0,4,2,1,2,0,0,0,1,7,1,0,0,4,27,0,0,0,0,1,0,0,1,0,2,0,1,1,1,0,5,1,0,0,2,9
83,7,11,o,2,S,2,0,0,1,2,1,0,0,5,4,0,1,129,78,43,6,261,91,2087,2,1,1,32,0,0,9,0,10,1,2,6,0,2,0,11,0,2,14,6,47,36,12,2,7,0,0,4,4,2,3,0,0,10,0,7,5,0,0,1,47,0,0,2,0,0,0,0,1,0,8,0,0,2,5,1,5,0,0,10,2,4
84,7,12,o,2,S,1,0,0,1,2,2,0,0,7,6,2,0,56,46,41,7,146,86,2356,3,0,0,13,0,0,4,0,1,0,2,9,1,2,0,9,0,3,22,5,35,16,2,5,0,0,1,4,2,0,2,0,0,10,1,2,4,0,0,2,29,0,0,1,0,0,0,0,0,0,3,0,0,0,3,1,1,0,0,4,1,5
85,8,1,l,1,F,0,0,0,0,0,1,0,0,2,7,3,0,135,3,2,0,15,2,3001,3,1,0,2,0,0,2,0,0,0,10,11,0,24,0,0,0,1,7,1,15,3,25,0,0,0,0,3,1,0,1,0,0,8,0,5,6,0,0,1,12,0,0,1,0,4,0,1,9,0,3,0,1,0,3,0,0,3,0,4,0,51
86,8,2,h,1,F,0,0,0,0,0,2,0,0,3,5,1,0,135,96,58,16,71,88,4302,3,0,0,9,1,0,1,0,3,0,3,7,0,129,0,18,0,9,6,13,38,0,6,0,0,2,1,2,0,0,2,3,0,25,0,4,3,0,1,4,64,0,2,4,0,2,0,1,2,0,1,0,3,0,4,0,4,6,0,2,1,11
87,8,3,h,1,F,0,0,0,0,1,0,0,0,6,6,0,0,96,95,7,15,9,55,2795,4,2,0,8,1,0,2,1,3,0,4,0,0,8,0,6,0,8,6,4,4,0,20,1,0,3,3,2,0,0,0,0,0,23,0,9,1,1,1,7,89,0,0,0,1,2,0,0,6,0,11,0,0,0,9,1,1,3,0,0,4,2
88,8,4,l,1,F,0,0,2,0,0,1,0,0,0,4,0,0,69,0,26,2,22,2,1992,0,1,0,1,0,0,0,0,0,0,14,3,0,14,0,0,0,0,4,0,11,1,13,1,0,0,8,0,1,0,0,0,0,4,0,1,2,0,0,2,3,0,0,3,0,5,0,0,9,0,0,0,0,0,2,0,0,0,0,4,0,2
89,8,5,h,2,F,3,0,1,0,0,1,0,0,5,2,0,0,64,68,44,16,149,38,2586,4,0,0,4,1,0,5,0,0,0,3,13,0,11,0,4,0,0,12,12,9,10,0,1,1,2,3,1,3,1,5,2,0,15,1,15,0,0,1,10,44,0,6,8,2,4,0,3,5,0,10,2,0,0,2,0,1,16,0,8,1,4
90,8,6,l,2,F,0,0,0,0,0,3,0,0,7,0,0,0,105,17,11,2,40,17,2992,7,0,0,0,0,0,3,0,1,0,3,4,0,20,0,0,0,3,11,2,3,0,1,0,0,0,4,2,1,0,3,3,0,28,0,9,0,0,0,1,20,0,3,3,0,2,0,3,1,0,3,0,2,0,2,1,7,10,0,1,0,2
91,8,7,l,2,F,0,1,0,1,1,2,1,0,3,0,0,0,156,17,14,10,80,24,2230,12,1,0,8,0,0,3,0,1,0,1,8,0,2,116,1,0,6,21,1,4,37,42,0,0,1,3,1,2,2,7,0,0,11,0,5,1,0,0,3,21,0,0,0,0,3,0,0,0,2,2,0,0,0,0,0,1,1,3,5,0,3
92,8,8,h,2,F,0,0,0,0,0,3,1,0,13,1,0,0,42,67,18,25,58,28,3002,9,1,0,1,2,0,1,0,1,0,1,4,0,8,0,1,0,0,10,5,2,3,10,0,1,2,7,3,6,0,5,1,0,13,1,11,0,1,0,2,36,0,0,2,3,8,0,2,1,0,8,0,2,0,4,1,4,0,1,4,0,12
93,8,9,o,1,F,0,0,0,0,2,0,0,0,2,0,0,0,94,44,27,46,262,9,3326,3,1,0,1,0,0,0,0,0,0,1,16,0,4,0,0,0,2,2,6,6,6,5,0,1,2,1,4,4,0,1,1,0,7,0,9,3,0,1,7,17,0,0,6,0,1,0,0,4,0,0,0,2,0,0,4,0,0,0,0,0,5
94,8,10,o,1,F,0,1,0,0,0,0,0,0,0,0,0,0,46,24,21,30,176,12,2551,6,0,0,3,1,0,0,0,2,0,6,0,0,7,0,0,0,0,1,16,5,2,2,0,2,1,0,6,4,0,0,0,0,2,0,2,2,0,0,6,8,0,0,6,0,1,0,0,5,0,2,0,0,0,1,1,3,0,0,0,0,3
95,8,11,o,2,F,0,0,0,2,1,3,0,0,2,0,0,0,55,40,55,23,135,0,2120,4,1,0,1,0,0,0,0,1,0,3,23,0,17,0,2,0,1,4,6,3,0,3,1,6,4,3,6,6,0,3,2,0,11,0,9,0,0,2,5,14,0,0,1,0,1,0,0,0,0,3,0,3,0,2,1,4,1,0,1,0,6
96,8,12,o,2,F,1,0,0,0,1,4,0,0,6,2,1,0,46,40,16,12,326,60,2371,9,0,0,3,1,0,2,0,1,0,3,7,0,10,0,0,0,2,6,24,39,4,10,3,0,2,3,4,3,0,5,0,0,10,2,13,0,0,0,7,8,2,0,2,1,2,0,0,1,0,2,0,0,0,3,1,0,2,0,2,1,5
,,,,,,,,,,,,,,,,,,,,,,,,,,,,,,,,,,,,,,,,,,,,,,,,,,,,,,,,,,,,,,,,,,,,,,,,,,,,,,,,,,,,,,
